{"cameraMode":{"drawMode":0,"name":"Shaded","section":"Shading Mode"},"sceneLighting":false,"audioPlay":false,"sceneViewState":{"showFog":true,"showMaterialUpdate":true,"showSkybox":false,"showFlares":true,"showImageEffects":true,"showParticleSystems":true},"in2DMode":false,"pivot":{"x":-5.999999523162842,"y":0.6024028062820435,"z":0.31794267892837527},"rotation":{"x":0.02287670411169529,"y":0.9739917516708374,"z":-0.1942058801651001,"w":0.11478014290332794},"size":1.1326507329940797,"orthographic":false}