{"cameraMode":{"drawMode":0,"name":"Shaded","section":"Shading Mode"},"sceneLighting":false,"audioPlay":false,"sceneViewState":{"showFog":true,"showMaterialUpdate":true,"showSkybox":false,"showFlares":true,"showImageEffects":true,"showParticleSystems":true},"in2DMode":false,"pivot":{"x":-2.0319252014160158,"y":1.1219568252563477,"z":-12.208442687988282},"rotation":{"x":-0.23522721230983735,"y":-0.25531813502311709,"z":0.06419118493795395,"w":-0.9356130361557007},"size":18.15412712097168,"orthographic":false}