{"cameraMode":{"drawMode":0,"name":"Shaded","section":"Shading Mode"},"sceneLighting":true,"audioPlay":false,"sceneViewState":{"showFog":true,"showMaterialUpdate":true,"showSkybox":true,"showFlares":true,"showImageEffects":true,"showParticleSystems":true},"in2DMode":false,"pivot":{"x":0.5954814553260803,"y":3.634401798248291,"z":4.914619445800781},"rotation":{"x":-0.0058929044753313068,"y":0.9925841093063355,"z":-0.10943371057510376,"w":-0.05335020273923874},"size":1.317460060119629,"orthographic":false}