{"cameraMode":{"drawMode":0,"name":"Shaded","section":"Shading Mode"},"sceneLighting":true,"audioPlay":false,"sceneViewState":{"showFog":true,"showMaterialUpdate":true,"showSkybox":true,"showFlares":true,"showImageEffects":true,"showParticleSystems":true},"in2DMode":false,"pivot":{"x":-0.6142876148223877,"y":0.8449715971946716,"z":-1.3130860328674317},"rotation":{"x":-0.1015143170952797,"y":0.7985833287239075,"z":-0.14061813056468965,"w":-0.5764020085334778},"size":1.6438570022583008,"orthographic":false}