{"cameraMode":{"drawMode":0,"name":"Shaded","section":"Shading Mode"},"sceneLighting":false,"audioPlay":false,"sceneViewState":{"showFog":true,"showMaterialUpdate":true,"showSkybox":false,"showFlares":true,"showImageEffects":true,"showParticleSystems":true},"in2DMode":false,"pivot":{"x":-0.18903760612010957,"y":-1.7881393432617188e-7,"z":-0.027607470750808717},"rotation":{"x":-0.24966947734355927,"y":0.45107337832450869,"z":-0.1330297440290451,"w":-0.8464895486831665},"size":0.40200379490852358,"orthographic":false}