{"cameraMode":{"drawMode":0,"name":"Shaded","section":"Shading Mode"},"sceneLighting":true,"audioPlay":false,"sceneViewState":{"showFog":true,"showMaterialUpdate":true,"showSkybox":true,"showFlares":true,"showImageEffects":true,"showParticleSystems":true},"in2DMode":false,"pivot":{"x":5.700894832611084,"y":4.553277015686035,"z":7.809639930725098},"rotation":{"x":-0.19689702987670899,"y":-0.20649130642414094,"z":0.04247656837105751,"w":-0.957520604133606},"size":3.7212655544281008,"orthographic":false}