{"cameraMode":{"drawMode":0,"name":"Shaded","section":"Shading Mode"},"sceneLighting":true,"audioPlay":false,"sceneViewState":{"showFog":true,"showMaterialUpdate":true,"showSkybox":true,"showFlares":true,"showImageEffects":true,"showParticleSystems":true},"in2DMode":false,"pivot":{"x":-8.392430305480957,"y":-8.568528175354004,"z":-12.606425285339356},"rotation":{"x":-0.09325175732374191,"y":0.9065524339675903,"z":-0.2807368338108063,"w":-0.30112555623054507},"size":9.83545970916748,"orthographic":false}