{"cameraMode":{"drawMode":0,"name":"Shaded","section":"Shading Mode"},"sceneLighting":true,"audioPlay":false,"sceneViewState":{"showFog":true,"showMaterialUpdate":true,"showSkybox":true,"showFlares":true,"showImageEffects":true,"showParticleSystems":true},"in2DMode":false,"pivot":{"x":75.28720092773438,"y":11.929584503173829,"z":-6.35546875},"rotation":{"x":-0.19273343682289124,"y":0.4044148027896881,"z":-0.08758435398340225,"w":-0.8897695541381836},"size":23.619590759277345,"orthographic":false}