{"cameraMode":{"drawMode":0,"name":"Shaded","section":"Shading Mode"},"sceneLighting":true,"audioPlay":false,"sceneViewState":{"showFog":true,"showMaterialUpdate":true,"showSkybox":true,"showFlares":true,"showImageEffects":true,"showParticleSystems":true},"in2DMode":false,"pivot":{"x":1.2491846084594727,"y":1.304697871208191,"z":0.8842868804931641},"rotation":{"x":-0.16895493865013123,"y":-0.021586116403341295,"z":0.0037009557709097864,"w":-0.9853870272636414},"size":2.285940647125244,"orthographic":false}