{"cameraMode":{"drawMode":0,"name":"Shaded","section":"Shading Mode"},"sceneLighting":false,"audioPlay":false,"sceneViewState":{"showFog":true,"showMaterialUpdate":true,"showSkybox":false,"showFlares":true,"showImageEffects":true,"showParticleSystems":true},"in2DMode":false,"pivot":{"x":0.00015212595462799072,"y":0.8473109006881714,"z":-0.28675946593284609},"rotation":{"x":-0.24966947734355927,"y":0.45107337832450869,"z":-0.1330297440290451,"w":-0.8464895486831665},"size":0.22820362448692323,"orthographic":false}