{"cameraMode":{"drawMode":0,"name":"Shaded","section":"Shading Mode"},"sceneLighting":false,"audioPlay":false,"sceneViewState":{"showFog":true,"showMaterialUpdate":true,"showSkybox":false,"showFlares":true,"showImageEffects":true,"showParticleSystems":true},"in2DMode":false,"pivot":{"x":214.31729125976563,"y":243.83157348632813,"z":0.0},"rotation":{"x":-0.05283155292272568,"y":0.9391288161277771,"z":-0.16828390955924989,"w":-0.2948331832885742},"size":42.42640686035156,"orthographic":false}