{"cameraMode":{"drawMode":0,"name":"Shaded","section":"Shading Mode"},"sceneLighting":true,"audioPlay":false,"sceneViewState":{"showFog":true,"showMaterialUpdate":true,"showSkybox":true,"showFlares":true,"showImageEffects":true,"showParticleSystems":true},"in2DMode":false,"pivot":{"x":2.803770065307617,"y":8.669586181640625,"z":2.5288944244384767},"rotation":{"x":0.08214998245239258,"y":0.8770919442176819,"z":0.16204272210597993,"w":-0.4446498453617096},"size":7.019747257232666,"orthographic":false}