{"cameraMode":{"drawMode":0,"name":"Shaded","section":"Shading Mode"},"sceneLighting":false,"audioPlay":false,"sceneViewState":{"showFog":true,"showMaterialUpdate":true,"showSkybox":false,"showFlares":true,"showImageEffects":true,"showParticleSystems":true},"in2DMode":false,"pivot":{"x":24.87066650390625,"y":105.72911071777344,"z":62.43389892578125},"rotation":{"x":-0.27723339200019839,"y":0.46097490191459658,"z":-0.1542084962129593,"w":-0.8287854790687561},"size":1221.07421875,"orthographic":false}