{"cameraMode":{"drawMode":0,"name":"Shaded","section":"Shading Mode"},"sceneLighting":true,"audioPlay":false,"sceneViewState":{"showFog":true,"showMaterialUpdate":true,"showSkybox":true,"showFlares":true,"showImageEffects":true,"showParticleSystems":true},"in2DMode":false,"pivot":{"x":-3.9487876892089845,"y":1.4690470695495606,"z":4.574862957000732},"rotation":{"x":-0.07706380635499954,"y":0.1717158555984497,"z":-0.013466771692037583,"w":-0.9820780158042908},"size":6.024745464324951,"orthographic":false}