{"cameraMode":{"drawMode":0,"name":"Shaded","section":"Shading Mode"},"sceneLighting":false,"audioPlay":false,"sceneViewState":{"showFog":true,"showMaterialUpdate":true,"showSkybox":false,"showFlares":true,"showImageEffects":true,"showParticleSystems":true},"in2DMode":false,"pivot":{"x":282.29998779296877,"y":158.26199340820313,"z":19.8799991607666},"rotation":{"x":-0.11255867779254914,"y":0.01550082303583622,"z":-0.001738176797516644,"w":-0.9935452938079834},"size":0.8997594118118286,"orthographic":false}