{"cameraMode":{"drawMode":0,"name":"Shaded","section":"Shading Mode"},"sceneLighting":true,"audioPlay":false,"sceneViewState":{"showFog":true,"showMaterialUpdate":true,"showSkybox":true,"showFlares":true,"showImageEffects":true,"showParticleSystems":true},"in2DMode":false,"pivot":{"x":-1.3104194402694703,"y":0.8516552448272705,"z":-2.186957359313965},"rotation":{"x":-0.24966947734355927,"y":0.45107337832450869,"z":-0.1330297440290451,"w":-0.8464895486831665},"size":1.7527796030044556,"orthographic":false}