{"cameraMode":{"drawMode":0,"name":"Shaded","section":"Shading Mode"},"sceneLighting":true,"audioPlay":false,"sceneViewState":{"showFog":true,"showMaterialUpdate":true,"showSkybox":true,"showFlares":true,"showImageEffects":true,"showParticleSystems":true},"in2DMode":false,"pivot":{"x":4.422527313232422,"y":-2.914334297180176,"z":11.954558372497559},"rotation":{"x":-0.2058096081018448,"y":-0.3499006927013397,"z":0.0790923684835434,"w":-0.9104756712913513},"size":12.787178993225098,"orthographic":false}