{"cameraMode":{"drawMode":0,"name":"Shaded","section":"Shading Mode"},"sceneLighting":true,"audioPlay":false,"sceneViewState":{"showFog":true,"showMaterialUpdate":true,"showSkybox":true,"showFlares":true,"showImageEffects":true,"showParticleSystems":true},"in2DMode":false,"pivot":{"x":13.526747703552246,"y":0.10756277292966843,"z":13.776041984558106},"rotation":{"x":-0.14589329063892365,"y":-0.34465429186820986,"z":0.05431250110268593,"w":-0.9257376790046692},"size":15.721335411071778,"orthographic":false}