{"cameraMode":{"drawMode":0,"name":"Shaded","section":"Shading Mode"},"sceneLighting":false,"audioPlay":false,"sceneViewState":{"showFog":true,"showMaterialUpdate":true,"showSkybox":false,"showFlares":true,"showImageEffects":true,"showParticleSystems":true},"in2DMode":false,"pivot":{"x":4.302000999450684,"y":0.8683978915214539,"z":20.621244430541993},"rotation":{"x":-0.015770625323057176,"y":0.9578598737716675,"z":-0.05350526422262192,"w":-0.2818753123283386},"size":1.0174601078033448,"orthographic":false}