{"cameraMode":{"drawMode":0,"name":"Shaded","section":"Shading Mode"},"sceneLighting":false,"audioPlay":false,"sceneViewState":{"showFog":true,"showMaterialUpdate":true,"showSkybox":false,"showFlares":true,"showImageEffects":true,"showParticleSystems":true},"in2DMode":false,"pivot":{"x":-0.09922559559345246,"y":0.09285593032836914,"z":0.46607455611228945},"rotation":{"x":-0.21389447152614594,"y":0.23668058216571809,"z":-0.053501393646001819,"w":-0.9462449550628662},"size":1.084235668182373,"orthographic":false}