{"cameraMode":{"drawMode":0,"name":"Shaded","section":"Shading Mode"},"sceneLighting":false,"audioPlay":false,"sceneViewState":{"showFog":true,"showMaterialUpdate":true,"showSkybox":false,"showFlares":true,"showImageEffects":true,"showParticleSystems":true},"in2DMode":false,"pivot":{"x":-0.000001043081283569336,"y":0.5057096481323242,"z":0.0617133229970932},"rotation":{"x":0.0061685871332883839,"y":0.9936981201171875,"z":-0.08698050677776337,"w":0.07047291845083237},"size":1.033078670501709,"orthographic":false}