{"cameraMode":{"drawMode":0,"name":"Shaded","section":"Shading Mode"},"sceneLighting":true,"audioPlay":false,"sceneViewState":{"showFog":true,"showMaterialUpdate":true,"showSkybox":true,"showFlares":true,"showImageEffects":true,"showParticleSystems":true},"in2DMode":false,"pivot":{"x":-2.6861934661865236,"y":-1.125617504119873,"z":6.4506635665893559},"rotation":{"x":-0.22590747475624085,"y":0.19770082831382752,"z":-0.046862754970788959,"w":-0.952749490737915},"size":7.665739059448242,"orthographic":false}