{"cameraMode":{"drawMode":0,"name":"Shaded","section":"Shading Mode"},"sceneLighting":false,"audioPlay":false,"sceneViewState":{"showFog":true,"showMaterialUpdate":true,"showSkybox":false,"showFlares":true,"showImageEffects":true,"showParticleSystems":true},"in2DMode":false,"pivot":{"x":8.940696716308594e-7,"y":0.9023709297180176,"z":-0.27900800108909609},"rotation":{"x":-0.03245276212692261,"y":0.9667536020278931,"z":-0.15830610692501069,"w":-0.19818559288978578},"size":1.2364271879196168,"orthographic":false}