{"cameraMode":{"drawMode":0,"name":"Shaded","section":"Shading Mode"},"sceneLighting":true,"audioPlay":false,"sceneViewState":{"showFog":true,"showMaterialUpdate":true,"showSkybox":true,"showFlares":true,"showImageEffects":true,"showParticleSystems":true},"in2DMode":false,"pivot":{"x":-3.156881809234619,"y":-0.07693077623844147,"z":0.5052775144577026},"rotation":{"x":-0.33102211356163027,"y":0.3792937695980072,"z":-0.14745524525642396,"w":-0.8513955473899841},"size":3.7212655544281008,"orthographic":false}