{"cameraMode":{"drawMode":0,"name":"Shaded","section":"Shading Mode"},"sceneLighting":false,"audioPlay":false,"sceneViewState":{"showFog":true,"showMaterialUpdate":true,"showSkybox":false,"showFlares":true,"showImageEffects":true,"showParticleSystems":true},"in2DMode":false,"pivot":{"x":0.36625543236732485,"y":1.5439525842666627,"z":0.5225710868835449},"rotation":{"x":-0.010302227921783924,"y":0.9870660901069641,"z":-0.14344020187854768,"w":-0.07089287042617798},"size":1.033078670501709,"orthographic":false}