{"cameraMode":{"drawMode":0,"name":"Shaded","section":"Shading Mode"},"sceneLighting":true,"audioPlay":false,"sceneViewState":{"showFog":true,"showMaterialUpdate":true,"showSkybox":true,"showFlares":true,"showImageEffects":true,"showParticleSystems":true},"in2DMode":false,"pivot":{"x":-2.887608051300049,"y":2.6749892234802248,"z":-0.720481276512146},"rotation":{"x":-0.23705966770648957,"y":0.08642242848873139,"z":-0.021177265793085099,"w":-0.9674142003059387},"size":3.9130594730377199,"orthographic":false}