{"cameraMode":{"drawMode":0,"name":"Shaded","section":"Shading Mode"},"sceneLighting":false,"audioPlay":false,"sceneViewState":{"showFog":true,"showMaterialUpdate":true,"showSkybox":false,"showFlares":true,"showImageEffects":true,"showParticleSystems":true},"in2DMode":false,"pivot":{"x":-0.16329708695411683,"y":-0.0004396289587020874,"z":0.05963408574461937},"rotation":{"x":-0.24966947734355927,"y":0.45107337832450869,"z":-0.1330297440290451,"w":-0.8464895486831665},"size":0.2975706458091736,"orthographic":false}