{"cameraMode":{"drawMode":0,"name":"Shaded","section":"Shading Mode"},"sceneLighting":false,"audioPlay":false,"sceneViewState":{"showFog":true,"showMaterialUpdate":true,"showSkybox":false,"showFlares":true,"showImageEffects":true,"showParticleSystems":true},"in2DMode":false,"pivot":{"x":0.8345462083816528,"y":0.23654437065124513,"z":-0.5482627153396606},"rotation":{"x":-0.1423073559999466,"y":-0.015740152448415757,"z":0.0022622616961598398,"w":-0.989700973033905},"size":0.8542932868003845,"orthographic":false}