{"cameraMode":{"drawMode":0,"name":"Shaded","section":"Shading Mode"},"sceneLighting":false,"audioPlay":false,"sceneViewState":{"showFog":true,"showMaterialUpdate":true,"showSkybox":false,"showFlares":true,"showImageEffects":true,"showParticleSystems":true},"in2DMode":false,"pivot":{"x":446.0419616699219,"y":261.3886413574219,"z":-24.9390811920166},"rotation":{"x":-0.2810599207878113,"y":-0.051214322447776797,"z":0.015036637894809246,"w":-0.9582356214523315},"size":55.90169906616211,"orthographic":false}