{"cameraMode":{"drawMode":0,"name":"Shaded","section":"Shading Mode"},"sceneLighting":true,"audioPlay":false,"sceneViewState":{"showFog":true,"showMaterialUpdate":true,"showSkybox":true,"showFlares":true,"showImageEffects":true,"showParticleSystems":true},"in2DMode":false,"pivot":{"x":-10.260738372802735,"y":-3.863241672515869,"z":10.429924011230469},"rotation":{"x":-0.18908044695854188,"y":0.3550959825515747,"z":-0.07357613742351532,"w":-0.9125468134880066},"size":10.0,"orthographic":false}